{
  "environment": "web",
  "format": "html",
  "prefix": "https://storage.googleapis.com",
  "mainga": "UA-49880327-14",
  "updated": "2025-06-03T13:18:37+01:00",
  "id": "problem-01",
  "duration": 0,
  "title": "Problem Solving: How much Toast?",
  "summary": "Problem Solving: How much Toast?",
  "source": "Toast.md",
  "theme": "",
  "status": [
    "published"
  ],
  "category": [
    "coding"
  ],
  "tags": [
    "web"
  ],
  "feedback": "mailto:a.j.beaumont@aston.ac.uk",
  "url": "problem-01"
}
